"['1080P', '豆瓣:6.4分']",['鬼影特攻：以暴制暴'],['https://t1.szrtcpa.com/upload/vod/20220313-23/f922efeb3b92afa14d1e7f74a52d00ae.jpg']
"['1080P', '豆瓣:5.7分']",['火药奶昔'],['https://t1.szrtcpa.com/upload/vod/20220314-6/d7583b8d00d82bf20b3e7b44f90fbe6c.jpg']
"['8集全', '豆瓣:6.5分']",['欲罢不能：拉丁裔'],['https://t1.szrtcpa.com/upload/vod/20220312-10/1cb2bfe812b9b48f8135992c8e72e7aa.jpg']
"['1080P', '豆瓣:5.9分']",['借酒众筹'],['https://t1.szrtcpa.com/upload/vod/20220313-24/5cd74304037dd34c2f7160e16cc4a308.jpg']
"['9集全', '豆瓣:8.9分']",['怪奇物语 第二季'],['https://t1.szrtcpa.com/upload/vod/20220314-15/d8aa629fe1182d4d606f9895a49ba95d.jpg']
"['8集全', '豆瓣:8.9分']",['怪奇物语 第一季'],['https://t1.szrtcpa.com/upload/vod/20220314-15/3916dadad3d4ef23539eacdda37be430.jpg']
"['1080P', '豆瓣:6.5分']",['夜叉2022'],['https://t1.szrtcpa.com/2022/04/08/6b3925723eb29.jpg']
"['1080P', '豆瓣:2.7分']",['粘在一起的隔离'],['https://t1.szrtcpa.com/upload/vod/20220313-26/e2a4c7efa003aba2eb93e566f9ae5a9b.jpg']
"['10集全', '豆瓣:4.2分']",['毒枭：墨西哥 第三季'],['https://t1.szrtcpa.com/upload/vod/20220313-23/72b8819b4c323116e91d1cde24a3ef52.jpg']
"['更新至10集', '豆瓣:4.2分']",['救命校车第一季'],['https://t1.szrtcpa.com/2022/03/30/0f402e16722b5.jpg']
"['6集全', '豆瓣:3.7分']",['黑暗美食：墨西哥'],['https://t1.szrtcpa.com/upload/vod/20220312-10/0789563e79b935e68f540a31fa007448.jpg']
"['8集全', '豆瓣:6.8分']",['爱，死亡和机器人 第二季'],['https://t1.szrtcpa.com/upload/vod/20220313-6/3022eeabb36c4ef41b9bb70700a258bb.jpg']
"['4集全', '豆瓣:7.3分']",['人格四重奏'],['https://t1.szrtcpa.com/upload/vod/20220312-7/a2e8e858668f5ba93c8d7570be98269d.jpg']
"['9集全', '豆瓣:8.0分']",['灵媒泰勒·亨利：死后生活'],['https://t1.szrtcpa.com/2022/03/30/d364eb20d3acd.jpg']
"['10集全', '豆瓣:9.0分']",['毒枭：墨西哥第二季'],['https://t1.szrtcpa.com/upload/vod/20220313-10/a5c8aea458bf72766a9f98cd12a0f216.jpg']
"['1080P', '豆瓣:5.0分']",['秋之女'],['https://t1.szrtcpa.com/upload/vod/20220312-1/88b12b05d959bfe0a640a7edbd7bb308.jpg']
"['5集全', '豆瓣:4.3分']",['史上最糟糕的室友'],['https://t1.szrtcpa.com/upload/vod/20220312-2/bea88489a491da3f6d84ce89d55285c4.jpg']
"['1080P', '豆瓣:1.5分']",['我的主队'],['https://t1.szrtcpa.com/upload/vod/20220312-6/3d2b58a3aa7dfae714b5bea6eeb4e1c6.jpg']
"['10集全', '豆瓣:9.2分']",['王冠 第三季'],['https://t1.szrtcpa.com/upload/vod/20220312-11/7c69010b9ab7ba420a8dfdfd256a9226.jpg']
"['蓝光1080P', '豆瓣:7.5分']",['浪客剑心 最终章 人诛篇'],['https://t1.szrtcpa.com/upload/vod/20220313-10/5242b9a6ad80acc9ea05eb8db19689e5.jpg']
"['10集全', '豆瓣:9.4分']",['毒枭第三季'],['https://t1.szrtcpa.com/upload/vod/20220314-22/e452a9144d04ceb5818967d0375dfcd1.jpg']
"['13集全', '豆瓣:8.4分']",['禁忌女孩'],['https://t1.szrtcpa.com/2022/07/13/57b0d971218eb.jpg']
"['12集全', '豆瓣:9.5分']",['马男波杰克第二季'],['https://t1.szrtcpa.com/upload/vod/20220312-5/5e18383b5424e2ec2eb9e508693dd236.jpg']
"['8集全', '豆瓣:8.4分']",['禁忌女孩2'],['https://t1.szrtcpa.com/2022/07/13/cbbb3beeb2e37.jpg']
"['12集全', '豆瓣:9.2分']",['马男波杰克第一季'],['https://t1.szrtcpa.com/upload/vod/20220312-5/b31c1a57151e93e15310a3bd63f7ec41.jpg']
"['1080P', '豆瓣:9.2分']",['超感猎杀：完结特别篇'],['https://t1.szrtcpa.com/upload/vod/20220312-6/61ad96315c5190e6515fd7e322bed429.jpg']
"['1080P', '豆瓣:1.5分']",['甜蜜海风'],['https://t1.szrtcpa.com/upload/vod/20220312-5/a839306f8f9871321fc71c9a22192b69.jpg']
"['1080P', '豆瓣:8.4分']",['Tinder 诈骗王'],['https://t1.szrtcpa.com/upload/vod/20220312-6/670b62ae51ebf5f1035233bb2924d089.jpg']
"['10集全', '豆瓣:8.9分']",['暗黑第一季'],['/']
"['6集全', '豆瓣:2.7分']",['爱在俱乐部 第一季'],['https://t1.szrtcpa.com/upload/vod/20220312-11/a2d9338692d8aff03ad531aaf566b440.jpg']
"['10集全', '豆瓣:8.1分']",['我的街区第二季'],['https://t1.szrtcpa.com/2022/04/13/f52ac73357e12.jpg']
"['10集全', '豆瓣:2.3分']",['爱情盲选：巴西篇'],['https://t1.szrtcpa.com/upload/vod/20220312-5/045c6b520c8cf2a35c2c735c1706da97.jpg']
"['10集全', '豆瓣:8.2分']",['我的街区第一季'],['https://t1.szrtcpa.com/2022/04/13/ff7e8b789bef9.jpg']
"['13集全', '豆瓣:8.7分']",['惩罚者 第一季'],['https://t1.szrtcpa.com/upload/vod/20220312-11/c043803286ddede71d0089999a99efe6.jpg']
"['1080P', '豆瓣:2.8分']",['Anne+'],['https://t1.szrtcpa.com/upload/vod/20220312-5/a4939cc62179a57e1d266133d2277b82.jpg']
"['10集全', '豆瓣:9.0分']",['我的街区第四季'],['https://t1.szrtcpa.com/upload/vod/20220313-34/9f766a3f5fc8df1eb74947e4ba6fdaf2.jpg']
"['8集全', '豆瓣:4.2分']",['玩物男孩第二季'],['https://t1.szrtcpa.com/upload/vod/20220312-5/7d43a0da8474b66e27986287faf0a581.jpg']
"['6集全', '豆瓣:6.7分']",['咒怨：诅咒之家'],['https://t1.szrtcpa.com/upload/vod/20220315-28/340bfa80b095b347a812ba7085abd0ff.jpg']
"['1080P', '豆瓣:4.1分']",['雷霆女神'],['https://t1.szrtcpa.com/upload/vod/20220313-23/0ee5b37be1316a9022a03cde7154946e.jpg']
"['1080P', '豆瓣:6.7分']",['解禁男女'],['https://t1.szrtcpa.com/upload/vod/20220312-5/6dadd0a6bf5765418d651ad297fa4ebf.jpg']
"['10集全', '豆瓣:7.9分']",['眼镜蛇 第三季'],['https://t1.szrtcpa.com/upload/vod/20220315-38/dbb3e8ce2a6c39a0b0aca5b8ccf2cda8.jpg']
"['1080P', '豆瓣:5.9分']",['美国刺客'],['https://t1.szrtcpa.com/upload/vod/20220315-33/f324290536f3bdfcb20c0802cff31bec.jpg']
"['1080P', '豆瓣:0.0分']",['死人谷'],['https://t1.szrtcpa.com/2022/07/11/ad6547c8d4db9.jpg']
"['1080P', '豆瓣:3.9分']",['爱的锦囊妙计'],['https://t1.szrtcpa.com/upload/vod/20220312-5/9ea00b57fe35eb56173bd47adf401c54.jpg']
"['10集全', '豆瓣:8.2分']",['眼镜蛇 第一季'],['https://t1.szrtcpa.com/upload/vod/20220315-30/74aa7b34ce499ca599a54494f3d081c6.jpg']
"['8集全', '豆瓣:2.1分']",['金鱼妻'],['https://t1.szrtcpa.com/2022/07/13/86e414820bec1.jpg']
"['8集全', '豆瓣:0.0分']",['王国：风起云涌 El Reino'],['https://t1.szrtcpa.com/2022/07/06/db0a7e9ddd586.jpg']
"['1080P', '豆瓣:1.2分']",['AI 爱上你'],['https://t1.szrtcpa.com/upload/vod/20220312-6/c175e6109a2a9479f4ab6e59efe3c1ec.jpg']
"['1080P', '豆瓣:3.9分']",['皇室造型'],['https://t1.szrtcpa.com/upload/vod/20220312-10/e3bc079a5689d0745d2e01eada9dcd21.jpg']
"['更新至13集', '豆瓣:3.7分']",['BASTARD！！暗黑破坏神'],['https://t1.szrtcpa.com/2022/06/30/0db504b2baecf.jpg']
"['10集全', '豆瓣:2.7分']",['外星生命第二季'],['https://t1.szrtcpa.com/upload/vod/20220313-31/84a1e9f864b48eec63ab9f9aa89f3571.jpg']
"['8集全', '豆瓣:7.8分']",['Headspace睡眠指南'],['https://t1.szrtcpa.com/upload/vod/20220312-11/368d4d11f9b589d3e7d0f44135fe3be7.jpg']
"['1080P', '豆瓣:7.4分']",['致所有我曾爱过的男孩'],['https://t1.szrtcpa.com/upload/vod/20220313-12/da9ded910ec14ffb8d46bd40c4aa3a19.jpg']
"['6集全', '豆瓣:9.1分']",['D.P：逃兵追缉令'],['https://t1.szrtcpa.com/upload/vod/20220313-36/84fba9b60eeb02f117bcc87a6e3ceb55.jpg']
"['8集全', '豆瓣:8.8分']",['怪奇物语 第三季'],['https://t1.szrtcpa.com/upload/vod/20220313-23/e18fe99029e15aac6a589f6696c216e6.jpg']
"['1080P', '豆瓣:8.6分']",['小羊肖恩：圣诞大冒险'],['https://t1.szrtcpa.com/upload/vod/20220312-11/9b0090e120e49baa3d6d7f2ced7fe942.jpg']
"['10集全', '豆瓣:7.3分']",['艾米丽在巴黎 第一季'],['https://t1.szrtcpa.com/upload/vod/20220312-12/5a00397f83469a96249983d349988ffc.jpg']
"['18集全', '豆瓣:6.3分']",['闪电侠 第七季'],['https://t1.szrtcpa.com/upload/vod/20220313-36/704223ba437fdf9d35bc7fcb00d37673.jpg']
"['10集全', '豆瓣:8.4分']",['路西法 第四季'],['https://t1.szrtcpa.com/upload/vod/20220313-17/87df9c7634d2cf154e0759d5759c0067.jpg']
"['19集全', '豆瓣:6.8分']",['闪电侠 第六季'],['https://t1.szrtcpa.com/upload/vod/20220313-36/08013061138ae790145408d084740324.jpg']
"['更新至16集', '豆瓣:8.4分']",['路西法 第五季'],['https://t1.szrtcpa.com/upload/vod/20220313-4/786f7f95fed19c9a92a0836aaee0bb26.jpg']
"['23集全', '豆瓣:6.7分']",['闪电侠 第四季'],['https://t1.szrtcpa.com/upload/vod/20220313-10/105821800cdf1cc1d37677bc30c97864.jpg']
"['10集全', '豆瓣:4.7分']",['心里的声音第二季'],['https://t1.szrtcpa.com/upload/vod/20220312-6/0326d5d3de15657ec2d4becaa6a48b5e.jpg']
"['23集全', '豆瓣:6.9分']",['闪电侠 第三季'],['https://t1.szrtcpa.com/upload/vod/20220313-10/45eb6ca1cfb73695f938c41391ccb0c4.jpg']
"['10集全', '豆瓣:2.6分']",['心里的声音：重启'],['https://t1.szrtcpa.com/upload/vod/20220312-6/c2b1f8be0092a90f3a6caf8b1a9c9dde.jpg']
"['第10集', '豆瓣:8.2分']",['路西法 第六季'],['https://t1.szrtcpa.com/upload/vod/20220313-35/d13c00e8bc29954cf0f20077904820cd.jpg']
"['23集全', '豆瓣:7.6分']",['闪电侠 第二季'],['https://t1.szrtcpa.com/upload/vod/20220313-10/eccb73bd7098157c03d48115174917bf.jpg']
"['完结', '豆瓣:8.3分']",['我的街区 第三季'],['https://t1.szrtcpa.com/upload/vod/20220314-23/bac2832bee62a55e784f96de456c6f27.jpg']
"['完结', '豆瓣:8.1分']",['我的街区 第二季'],['https://t1.szrtcpa.com/upload/vod/20220314-17/8fdf7b24edc7407e407708689870595f.jpg']
"['10集全', '豆瓣:8.4分']",['路西法第四季'],['https://t1.szrtcpa.com/upload/vod/20220312-8/902d043dc15cce3c7738df97d3dc31d3.jpg']
"['完结', '豆瓣:5.1分']",['致命钥匙 第一季'],['https://t1.szrtcpa.com/upload/vod/20220314-22/0e54e3e2d29962e40e08d781d8e26b2b.jpg']
"['26集全', '豆瓣:7.7分']",['路西法第三季'],['https://t1.szrtcpa.com/upload/vod/20220313-12/48750a08ef02d5c017b6efb44dae25a5.jpg']
"['10集全', '豆瓣:6.1分']",['致命钥匙 第二季'],['https://t1.szrtcpa.com/upload/vod/20220313-26/97f20a5e0f1919d868a57bd50dd75148.jpg']
"['18集全', '豆瓣:8.0分']",['路西法第二季'],['https://t1.szrtcpa.com/upload/vod/20220313-12/fa88ff19c9bb1e3503d7f4af15fc375d.jpg']
"['6集全', '豆瓣:8.7分']",['青春王室第一季'],['https://t1.szrtcpa.com/2022/03/26/a3bf4f4ae7092.jpg']
"['8集全', '豆瓣:4.8分']",['叛逆青春校园'],['https://t1.szrtcpa.com/upload/vod/20220312-11/910e175fe13c15844a729d8f5661db66.jpg']
"['16集全', '豆瓣:8.7分']",['那年，我们的夏天'],['https://t1.szrtcpa.com/upload/vod/20220313-11/db92535cf17248c72287f3dd01789b36.jpg']
"['6集全', '豆瓣:7.7分']",['新闻记者'],['https://t1.szrtcpa.com/upload/vod/20220312-10/d094f06a807349c2b983dba7baac8420.jpg']
"['1080P', '豆瓣:0.0分']",['简·方达和莉莉·汤姆林：淑女之夜'],['https://t1.szrtcpa.com/2022/06/15/8f752db3ab647.jpg']
"['12集全', '豆瓣:9.1分']",['拳愿阿修罗第二季'],['https://t1.szrtcpa.com/2022/04/09/234f389992c0a.jpg']
"['1080P', '豆瓣:8.7分']",['超感猎杀：圣诞特别篇'],['https://t1.szrtcpa.com/2022/03/21/25ee9a5c2db8b.jpg']
"['14集全', '豆瓣:6.7分']",['爱情盲选第一季'],['https://t1.szrtcpa.com/upload/vod/20220312-5/4a6a4e6a833972ae2a12ed218543f6d7.jpg']
"['8集全', '豆瓣:4.8分']",['YG未来战略部'],['https://t1.szrtcpa.com/upload/vod/20220312-5/be56d9649df3baaf6f70958112abee0b.jpg']
"['预告片', '豆瓣:4.3分']",['jeen-yuhs: 坎耶·维斯特三部曲'],['https://t1.szrtcpa.com/upload/vod/20220312-6/8e44ac36ee63b521d77185c3851238e2.jpg']
"['10集全', '豆瓣:7.7分']",['眼镜蛇 第二季'],['https://t1.szrtcpa.com/upload/vod/20220315-30/a0fc7e7f9781ad2585e213e05a863a40.jpg']
"['8集全', '豆瓣:9.1分']",['禁忌女孩2'],['https://t1.szrtcpa.com/upload/vod/20220313-24/2a784b7f384c111787945a955ff2f2cd.jpg']
"['13集全', '豆瓣:8.4分']",['禁忌女孩'],['https://t1.szrtcpa.com/upload/vod/20220313-9/62e6fa9e98cf96601eeddea1bc6e1b16.jpg']
"['12集全', '豆瓣:8.6分']",['爱·恋第三季'],['https://t1.szrtcpa.com/upload/vod/20220312-8/8facc8263de2f12ef7c5c360b2723413.jpg']
"['10集全', '豆瓣:0.0分']",['柏林之狗'],['https://t1.szrtcpa.com/upload/vod/20220312-7/8b2eba6c1c9a637c44f54a23f95e0ade.jpg']
"['720P', '豆瓣:3.5分']",['爱的平方'],['https://t1.szrtcpa.com/upload/vod/20220314-26/a0a1533397d91f6fb99eccb7439dceb2.jpg']
"['8集全', '豆瓣:7.9分']",['名校风暴第一季'],['https://t1.szrtcpa.com/upload/vod/20220312-10/724f07d4f597b2b3118f177f735926f5.jpg']
"['13集全', '豆瓣:8.3分']",['惩罚者 第二季'],['https://t1.szrtcpa.com/upload/vod/20220312-11/a31a6156fd1bbb1c83acfadb0a69a92c.jpg']
"['4集全', '豆瓣:2.2分']",['爱在俱乐部 第二季'],['https://t1.szrtcpa.com/upload/vod/20220312-11/acf77af844e538ba93b954acdd38c688.jpg']
"['10集全', '豆瓣:9.1分']",['一级方程式：疾速争胜 第三季'],['https://t1.szrtcpa.com/upload/vod/20220312-11/677885dcd9123f4e6516bfdf58ffc6f7.jpg']
"['5集全', '豆瓣:7.5分']",['亚森·罗宾 第二季'],['https://t1.szrtcpa.com/upload/vod/20220312-11/6cac5ca4dcd1e4eb8b1eac76aa50012d.jpg']
"['5集全', '豆瓣:7.9分']",['亚森·罗宾 第一季'],['https://t1.szrtcpa.com/upload/vod/20220312-11/de39a5589421376e9d4b3f18b977e4c4.jpg']
"['10集全', '豆瓣:9.4分']",['王冠 第二季'],['https://t1.szrtcpa.com/upload/vod/20220312-11/763d5c1c9bbb922741a669c43805057e.jpg']
"['10集全', '豆瓣:9.3分']",['王冠 第一季'],['https://t1.szrtcpa.com/upload/vod/20220313-24/923a36268348f5d39cd8bf0b497c5917.jpg']
"['6集全', '豆瓣:4.5分']",['死雄第二季'],['https://t1.szrtcpa.com/upload/vod/20220312-2/ba8d4ab7c3e7c501bdddbbde6920d7c4.jpg']
"['8集全', '豆瓣:6.4分']",['死雄第一季'],['https://t1.szrtcpa.com/upload/vod/20220312-2/a6276944f02f9562a6e2b25f5e5cbe06.jpg']
"['1080P', '豆瓣:5.0分']",['疯狂兔子全面侵略篇：火星任务'],['https://t1.szrtcpa.com/upload/vod/20220312-2/0556c2a8138a70e29556721deeedf606.jpg']
"['720P超清', '豆瓣:5.2分']",['活死人军团'],['https://t1.szrtcpa.com/upload/vod/20220314-2/4d3d00a30a80ad3e4f955d3c15efd8d8.jpg']
"['720P超清-原声版', '豆瓣:8.9分']",['匿名者敬启'],['https://t1.szrtcpa.com/upload/vod/20220313-9/3e692fca41e110b3294f859c59654dc9.jpg']
"['12集全', '豆瓣:6.0分']",['僵尸校园第一季'],['https://t1.szrtcpa.com/upload/vod/20220312-6/100345bd9565a02d7c488708b985b55a.jpg']
"['16集全', '豆瓣:7.7分']",['吸血鬼日记 第八季'],['https://t1.szrtcpa.com/upload/vod/20220315-29/a29a75b928e48d4592ac3624cdd0ffc5.jpg']
"['22集全', '豆瓣:7.1分']",['吸血鬼日记 第七季'],['https://t1.szrtcpa.com/upload/vod/20220315-29/d78104702ce8dfb2a27df7d9847044d8.jpg']
"['22集全', '豆瓣:7.0分']",['吸血鬼日记 第六季'],['https://t1.szrtcpa.com/upload/vod/20220313-10/fe48fd5f5fdf7a62c45aba826e14a183.jpg']
"['22集全', '豆瓣:7.1分']",['吸血鬼日记 第五季'],['https://t1.szrtcpa.com/upload/vod/20220315-3/7a288ad0369968e1ec08f1948cfc1a78.jpg']
"['23集全', '豆瓣:7.7分']",['吸血鬼日记 第四季'],['https://t1.szrtcpa.com/upload/vod/20220315-29/e257860bfdbc18dae6b0472ff2815e99.jpg']
"['22集全', '豆瓣:8.3分']",['吸血鬼日记 第三季'],['https://t1.szrtcpa.com/upload/vod/20220315-29/33a64f94760189b29f8b6edcffae10e2.jpg']
"['1080P', '豆瓣:5.5分']",['生死之间'],['https://t1.szrtcpa.com/2022/04/08/65ae81985b566.jpg']
"['22集全', '豆瓣:8.6分']",['吸血鬼日记  第二季'],['https://t1.szrtcpa.com/upload/vod/20220313-11/4dc8f3b1123127b5ccb86441490f065c.jpg']
"['1080P', '豆瓣:2.2分']",['耍宝警探'],['https://t1.szrtcpa.com/2022/05/06/588d0c245fc67.jpg']
"['22集全', '豆瓣:8.4分']",['吸血鬼日记 第一季'],['https://t1.szrtcpa.com/upload/vod/20220315-3/37eb955b2e1cc896b44f0f1a4497e839.jpg']
"['1080P', '豆瓣:2.3分']",['夏夜追风'],['https://t1.szrtcpa.com/2022/05/06/361d127337000.jpg']
"['1080P', '豆瓣:3.5分']",['我的樱花恋人'],['https://t1.szrtcpa.com/upload/vod/20220312-5/9cc72b84ff895cc44d660b08a8418a2a.jpg']
"['1080P', '豆瓣:8.6分']",['女生要革命'],['https://t1.szrtcpa.com/upload/vod/20220314-25/c49d1ef80c412ca8da95604a2930d25e.jpg']
"['12集全', '豆瓣:5.6分']",['结婚白皮书'],['https://t1.szrtcpa.com/2022/05/24/edaef8b9a1a85.jpg']
"['1080P', '豆瓣:5.6分']",['派对女孩升天记'],['https://t1.szrtcpa.com/upload/vod/20220313-23/a78ddd4477414ac753dbbc35b3e3bea4.jpg']
"['更新至10集', '豆瓣:4.0分']",['非常律师禹英禑'],['https://t1.szrtcpa.com/2022/06/30/fcd8b28bd15aa.jpg']
"['预告片', '豆瓣:2.2分']",['首尔大作战'],['https://t1.szrtcpa.com/2022/07/29/fa6c104e7b629.jpg']
"['8集全', '豆瓣:6.0分']",['性生活'],['https://t1.szrtcpa.com/upload/vod/20220313-17/158f2adffff499dade874c63e1d847b6.jpg']
"['预告片', '豆瓣:3.8分']",['魔法俏佳人第二季'],['https://t1.szrtcpa.com/2022/07/29/62ebe2283ed1c.jpg']
"['1080P', '豆瓣:5.4分']",['李寿根的眼色教练'],['https://t1.szrtcpa.com/2022/07/28/6d9ad5dc0e637.jpg']
"['8集全', '豆瓣:5.6分']",['费里亚：至暗之光'],['https://t1.szrtcpa.com/2022/07/28/9cfc1501ab9ed.jpg']
"['6集全', '豆瓣:6.9分']",['冤枉啊！西西里谋杀疑案'],['https://t1.szrtcpa.com/2022/07/28/8b3c7f26172df.jpg']
"['6集全', '豆瓣:5.8分']",['我是乔治娜'],['https://t1.szrtcpa.com/2022/07/28/cd526e78ea09d.jpg']
"['1080P', '豆瓣:7.9分']",['发掘'],['https://t1.szrtcpa.com/2022/07/28/df1b0d195b6a4.jpg']
"['1080P', '豆瓣:7.8分']",['劣迹斑斑'],['https://t1.szrtcpa.com/upload/vod/20220312-10/cd5e3f2274703d881a94dcb8802714c4.jpg']
"['3集全', '豆瓣:8.1分']",['最凶监狱大揭秘 第五季'],['https://t1.szrtcpa.com/upload/vod/20220312-10/d894b0dbe028763cf2a279ecc5207752.jpg']
"['6集全', '豆瓣:3.1分']",['喜欢的话请响铃 第二季'],['https://t1.szrtcpa.com/upload/vod/20220313-4/ec5650a4f0c3f33c674e389a12613d1b.jpg']
"['8集全', '豆瓣:8.7分']",['DOTA：龙之血第一季'],['https://t1.szrtcpa.com/upload/vod/20220312-10/dadcab374770f5a2e0a45b303fa4b52d.jpg']
"['16集全', '豆瓣:8.2分']",['浪漫是一册副刊'],['https://t1.szrtcpa.com/upload/vod/20220313-17/99a73ae4b87a4854992bc2428ff543f6.jpg']
"['完结', '豆瓣:8.2分']",['我的街区 第一季'],['https://t1.szrtcpa.com/upload/vod/20220314-16/3768fe37d9aaea1e3169e22af7474356.jpg']
"['10集全', '豆瓣:9.0分']",['粉雄救兵 第六季'],['https://t1.szrtcpa.com/upload/vod/20220312-11/7985e25fbf68d822e9d1f33b52bd5ac9.jpg']
"['8集全', '豆瓣:6.9分']",['名校风暴第四季'],['https://t1.szrtcpa.com/upload/vod/20220314-12/81ad92f6519cf1bd54bba0258e36f953.jpg']
"['10集全', '豆瓣:6.7分']",['艾米丽在巴黎 第二季'],['https://t1.szrtcpa.com/upload/vod/20220312-12/63a03c5ebeb37489f508dc1ce7df8caf.jpg']
"['8集全', '豆瓣:6.9分']",['名校风暴 第四季'],['https://t1.szrtcpa.com/upload/vod/20220312-10/f443de091faa7e200be507f4d80663a2.jpg']
"['10集全', '豆瓣:7.8分']",['金妮与乔治娅 第一季'],['https://t1.szrtcpa.com/upload/vod/20220312-10/dfbd79c5302f9fce32938ad637726981.jpg']
"['20集全', '豆瓣:4.6分']",['实验小达人强尼 第一季'],['https://t1.szrtcpa.com/upload/vod/20220312-10/b5b727873328f3b6b111527ca77ebd46.jpg']
"['1-2季46集全', '豆瓣:8.3分']",['双层公寓：都会男女'],['https://t1.szrtcpa.com/upload/vod/20220312-10/d7448d44688111c90e69cd68af89a258.jpg']
"['20集全', '豆瓣:4.7分']",['实验小达人强尼 第二季'],['https://t1.szrtcpa.com/upload/vod/20220312-10/37be32ab44e262afe213a367fedf5fd9.jpg']
"['8集全', '豆瓣:7.8分']",['喜欢的话请响铃 第一季'],['https://t1.szrtcpa.com/upload/vod/20220314-17/cc0964aac8cc57f6f0df1965fa689a0d.jpg']
"['10集全', '豆瓣:7.3分']",['外滩探秘 第一季'],['https://t1.szrtcpa.com/upload/vod/20220314-23/3c151eace67417a9cfc7ecdfea235783.jpg']
"['完结', '豆瓣:8.6分']",['纸钞屋 第一季'],['https://t1.szrtcpa.com/upload/vod/20220315-14/2dc5579acda249c57bdb44e1138dad15.jpg']
"['1080P', '豆瓣:1.8分']",['重生派对女王'],['https://t1.szrtcpa.com/upload/vod/20220313-36/22113b6e07491917faf52aaa2be576db.jpg']
"['1080P', '豆瓣:1.3分']",['爱好难'],['https://t1.szrtcpa.com/upload/vod/20220313-23/04f6b3e4f8fd69024abd1d431758c928.jpg']
"['1080P', '豆瓣:6.9分']",['爱在疯人院'],['https://t1.szrtcpa.com/upload/vod/20220314-25/8d885bce1ba19bc61a762889c2276c4e.jpg']
"['1080P', '豆瓣:4.2分']",['丹尼·罗维拉: 来恨我呀'],['https://t1.szrtcpa.com/upload/vod/20220313-23/c1003e5f306f40429bebf28e6877333a.jpg']
"['1080P', '豆瓣:6.6分']",['婀娜三曲'],['https://t1.szrtcpa.com/upload/vod/20220314-23/67dbbc9c0b0447b85c5f7386f0eb39b0.jpg']
"['1080P', '豆瓣:5.0分']",['RebellComedy：冲出动物园'],['https://t1.szrtcpa.com/upload/vod/20220314-24/bca38c18f708aef70cac8b65a0fd2849.jpg']
"['12集全', '豆瓣:2.3分']",['茶杯头（动画版）'],['/']
"['8集全', '豆瓣:3.7分']",['名利游戏'],['https://t1.szrtcpa.com/2022/07/13/ddf7f0ada1900.jpg']
"['1080P', '豆瓣:3.7分']",['幸存的天堂'],['https://t1.szrtcpa.com/2022/07/13/db72a653a0f4e.jpg']
"['3集全', '豆瓣:4.8分']",['巴西央行大劫案'],['https://t1.szrtcpa.com/2022/07/13/4c8b275001436.jpg']
"['10集全', '豆瓣:3.8分']",['人力资源'],['https://t1.szrtcpa.com/2022/07/13/0026aedcbd5a9.jpg']
"['6集全', '豆瓣:2.0分']",['笑闯巴黎'],['https://t1.szrtcpa.com/2022/07/13/bffd1d4b37a83.jpg']
"['1080P', '豆瓣:2.1分']",['别信任何人：虚拟货币悬案'],['https://t1.szrtcpa.com/2022/07/13/73d4a556054b0.jpg']
"['1080P', '豆瓣:4.1分']",['泡泡剧组'],['https://t1.szrtcpa.com/2022/03/30/a5f00e65b9a4b.jpg']
"['1080P', '豆瓣:3.7分']",['阿波罗10½号：太空时代的童年'],['https://t1.szrtcpa.com/2022/07/13/88a0bd1ed214e.jpg']
"['8集全', '豆瓣:6.8分']",['海上谋杀案第一季'],['https://t1.szrtcpa.com/2022/07/13/c1e729fc3ca12.jpg']
"['6集全', '豆瓣:6.7分']",['海上谋杀案第三季'],['https://t1.szrtcpa.com/2022/07/13/ada7ba520443a.jpg']
"['1080P', '豆瓣:3.3分']",['回到太空'],['https://t1.szrtcpa.com/2022/07/13/06058e707e5f4.jpg']
"['9集全', '豆瓣:5.9分']",['欲罢不能第一季'],['https://t1.szrtcpa.com/upload/vod/20220312-10/ab1bac3e9f7232732cc708dff2b29b7a.jpg']
"['1080P', '豆瓣:5.0分']",['野蛮交易'],['https://t1.szrtcpa.com/2022/04/06/df24fe4997f1d.jpg']
"['8集全', '豆瓣:2.6分']",['名校风暴第五季'],['https://t1.szrtcpa.com/2022/07/13/290a8fc301572.jpg']
"['1080P', '豆瓣:6.0分']",['重金属天团'],['https://t1.szrtcpa.com/2022/04/08/c34f3f27396cf.jpg']
"['20集全', '豆瓣:4.6分']",['实验小达人强尼第一季'],['https://t1.szrtcpa.com/2022/07/13/d8fd35fd4bfba.jpg']
"['20集全', '豆瓣:4.7分']",['实验小达人强尼第二季'],['https://t1.szrtcpa.com/2022/07/13/d8fd35fd4bfba.jpg']
"['8集全', '豆瓣:6.6分']",['欲罢不能：巴西篇'],['https://t1.szrtcpa.com/2022/07/13/93ab72e3a8196.jpg']
"['6集全', '豆瓣:9.1分']",['啦啦队女王第一季'],['https://t1.szrtcpa.com/upload/vod/20220312-10/8a810e9123bd10695859a7c285a4eabb.jpg']
"['1080P', '豆瓣:4.9分']",['我如何爱上黑帮成员'],['https://t1.szrtcpa.com/upload/vod/20220312-10/960d609835b7e2bf0b34618b4c75556b.jpg']
"['9集全', '豆瓣:9.0分']",['啦啦队女王第二季'],['https://t1.szrtcpa.com/upload/vod/20220312-10/4cbec078dcbd92b6996fdd5e4ad21252.jpg']
"['1080P', '豆瓣:4.7分']",['不耻真相'],['https://t1.szrtcpa.com/upload/vod/20220312-10/aa1b73890e16ceba9077085391ac2f64.jpg']
"['1080P', '豆瓣:7.7分']",['房子'],['https://t1.szrtcpa.com/2022/07/13/0cd409cda8001.jpg']
"['1080P', '豆瓣:4.2分']",['大河之舞：动画冒险'],['https://t1.szrtcpa.com/2022/06/06/b0a06b5cd0513.jpg']
"['8集全', '豆瓣:4.5分']",['暗黑之瞳'],['https://t1.szrtcpa.com/2022/07/13/77845d99df1d2.jpg']
"['8集全', '豆瓣:4.8分']",['81号档案'],['https://t1.szrtcpa.com/upload/vod/20220312-10/c9ea7a236975b1e8a9e5cbf7b42e7ca5.jpg']
"['1080P', '豆瓣:4.4分']",['这不是喜剧'],['https://t1.szrtcpa.com/upload/vod/20220312-10/a147f305c52742ee02093a2ec7b85cfa.jpg']
"['1080P', '豆瓣:5.9分']",['海豹自卫队'],['https://t1.szrtcpa.com/2022/06/04/07326f621f99f.jpg']
"['6集全', '豆瓣:1.1分']",['午夜亚洲：美食·舞蹈·梦想'],['https://t1.szrtcpa.com/upload/vod/20220312-10/4b5036918d6ef4837fcb26691fa5cd4d.jpg']
"['1080P', '豆瓣:7.3分']",['慕尼黑：战争边缘'],['https://t1.szrtcpa.com/upload/vod/20220312-10/7be8424b8c37469aa97339aa624585dc.jpg']
"['1080P', '豆瓣:2.6分']",['爸爸的小提琴'],['https://t1.szrtcpa.com/upload/vod/20220312-10/d932e3fab11fedb8d4b0ccca411abad6.jpg']
"['1080P', '豆瓣:6.6分']",['灰影人'],['https://t1.szrtcpa.com/2022/07/27/98a2faba221a1.jpg']
"['12集全', '豆瓣:8.9分']",['拳愿阿修罗'],['https://t1.szrtcpa.com/upload/vod/20220313-12/8ddd1a0d0d4ff61587407ccff1af3adc.jpg']
"['10集全', '豆瓣:5.3分']",['外星生命第一季'],['https://t1.szrtcpa.com/upload/vod/20220313-24/a0f1ccbd74c7c52ed8f2b960b65eb6d9.jpg']
"['1080P', '豆瓣:9.1分']",['轻松小熊和小薰'],['https://t1.szrtcpa.com/2022/07/23/68654972fd8ab.jpg']
"['1080P', '豆瓣:6.4分']",['三方国界'],['https://t1.szrtcpa.com/upload/vod/20220313-12/9ea5aeca5c1e2bb5863dd01a69f865f0.jpg']
"['1080P', '豆瓣:6.7分']",['玉子'],['https://t1.szrtcpa.com/upload/vod/20220313-23/0f08f1d6487a122fbd11c4d55ffde10d.jpg']
"['1080P', '豆瓣:1.6分']",['复仇铁拳'],['https://t1.szrtcpa.com/upload/vod/20220312-6/19347329093567d06170c7921a52391b.jpg']
"['更新至10集', '豆瓣:2.0分']",['爱情盲选第二季'],['https://t1.szrtcpa.com/upload/vod/20220312-5/515b2ddc845f37866cb8bf129f153a50.jpg']
"['1080P', '豆瓣:1.3分']",['乔蒂的烦恼2'],['https://t1.szrtcpa.com/upload/vod/20220312-6/cab29521262791ad338d6b181fe32a59.jpg']
"['7集全', '豆瓣:4.6分']",['太空部队第二季'],['https://t1.szrtcpa.com/2022/07/13/ba7f12a865f30.jpg']
"['完结', '豆瓣:7.3分']",['外滩探秘第二季'],['https://t1.szrtcpa.com/upload/vod/20220314-6/ba491326e598ad51ba105da387ea0bc5.jpg']
"['完结', '豆瓣:6.6分']",['铁拳第二季'],['https://t1.szrtcpa.com/upload/vod/20220313-15/ed82e1587496eefe1e67dc734d2ddfdd.jpg']
"['完结', '豆瓣:5.5分']",['铁拳第一季'],['https://t1.szrtcpa.com/upload/vod/20220315-3/c4491647e5c00abaa7ee1f915bde3706.jpg']
"['完结', '豆瓣:7.9分']",['维京传奇：英灵神殿第一季'],['https://t1.szrtcpa.com/upload/vod/20220312-6/faa179488a7b99b5d116933e20f3811c.jpg']
"['完结', '豆瓣:7.7分']",['眼镜蛇第二季'],['https://t1.szrtcpa.com/2022/07/13/667eee13524a7.jpg']
"['完结', '豆瓣:7.8分']",['眼镜蛇第三季'],['https://t1.szrtcpa.com/2022/07/13/a142464066a08.jpg']
"['完结', '豆瓣:8.0分']",['猎魔人：剧集制作揭秘 第一季'],['https://t1.szrtcpa.com/upload/vod/20220314-25/0d98f0f435f959b21e06b59b25929931.jpg']
"['10集全', '豆瓣:9.1分']",['毒枭：墨西哥 第一季'],['https://t1.szrtcpa.com/upload/vod/20220313-23/d0d6f91890ef2c97b1f6452796f9658a.jpg']
"['8集全', '豆瓣:8.0分']",['名校风暴 第三季'],['https://t1.szrtcpa.com/upload/vod/20220314-23/862ee76d80854404ed30d7eb08e809c8.jpg']
"['完结', '豆瓣:7.9分']",['名校风暴 第一季'],['https://t1.szrtcpa.com/upload/vod/20220314-16/4fe23852a91bf708994fda1cdee9376e.jpg']
"['13集全', '豆瓣:7.5分']",['路西法 第一季'],['https://t1.szrtcpa.com/upload/vod/20220313-19/3c6002160503456be175301d1e883629.jpg']
"['23集全', '豆瓣:7.7分']",['闪电侠 第一季'],['https://t1.szrtcpa.com/upload/vod/20220313-10/5b48855abc53c4c0d7d367ae52d1d3c1.jpg']
"['6集全', '豆瓣:9.3分']",['浴血黑帮 第五季'],['https://t1.szrtcpa.com/upload/vod/20220313-11/15a6a2b061083f9b5de0399701298fb9.jpg']
"['6集全', '豆瓣:9.3分']",['浴血黑帮 第四季'],['https://t1.szrtcpa.com/upload/vod/20220313-11/23a5993ca046edef109eb02f0133b373.jpg']
"['6集全', '豆瓣:9.2分']",['浴血黑帮 第三季'],['https://t1.szrtcpa.com/upload/vod/20220313-11/4ee3187640aa53212ae8e763536ade63.jpg']
"['6集全', '豆瓣:9.3分']",['浴血黑帮 第二季'],['https://t1.szrtcpa.com/upload/vod/20220313-11/03a3a70fe64d8b93d6a3c89ac968d911.jpg']
"['6集全', '豆瓣:9.1分']",['浴血黑帮 第一季'],['https://t1.szrtcpa.com/upload/vod/20220313-11/7c4189c7970b0f07df3173608525230f.jpg']
"['8集全', '豆瓣:4.7分']",['迷失太空 第三季'],['https://t1.szrtcpa.com/upload/vod/20220313-19/9de36f2d94fa0f920202de889c84a4e2.jpg']
"['10集全', '豆瓣:7.9分']",['迷失太空 第二季'],['https://t1.szrtcpa.com/upload/vod/20220313-19/11b119740efedd527de43e51b32cfa6d.jpg']
"['10集全', '豆瓣:6.8分']",['迷失太空 第一季'],['https://t1.szrtcpa.com/upload/vod/20220313-19/a0fe07b6d05efd7303e5dc59c073a76c.jpg']
"['10集全', '豆瓣:8.6分']",['安眠书店 你第三季'],['https://t1.szrtcpa.com/upload/vod/20220313-24/f6f94c068f545b53a6de05c02686159d.jpg']
"['10集全', '豆瓣:9.1分']",['纸钞屋 第五季'],['https://t1.szrtcpa.com/upload/vod/20220313-36/b5d1e35d89006967df28a7e0e74a487f.jpg']
"['1080P', '豆瓣:4.7分']",['河豚之家：神奇的珊瑚礁'],['/']
"['1080P', '豆瓣:3.9分']",['巨型漏洞'],['https://t1.szrtcpa.com/upload/vod/20220312-6/ea1719d9061e281515b84dfbec6c9423.jpg']
"['1080P', '豆瓣:5.5分']",['彼女'],['https://t1.szrtcpa.com/2022/04/15/b4c63e7c39c55.jpg']
"['1080P', '豆瓣:3.8分']",['琉璃之舞'],['https://t1.szrtcpa.com/2022/04/08/5bdbfcf8d318e.jpg']
"['更新至7集', '豆瓣:4.9分']",['绝夜潜行'],['https://t1.szrtcpa.com/2022/07/13/acf9076bc9f3f.jpg']
"['14集全', '豆瓣:9.0分']",['黑钱胜地第四季'],['https://t1.szrtcpa.com/upload/vod/20220312-10/9d603ca28283d55aff5f30d1daff0510.jpg']
"['6集全', '豆瓣:1.5分']",['忠贞'],['/']
"['1080P', '豆瓣:5.7分']",['超能计划'],['https://t1.szrtcpa.com/2022/07/13/81c99e5e1b6fd.jpg']
"['完结', '豆瓣:9.4分']",['柯明斯基理论第二季'],['https://t1.szrtcpa.com/2022/05/22/c8ac3281f8f03.jpg']
"['10集全', '豆瓣:9.2分']",['王冠第四季'],['https://t1.szrtcpa.com/2022/07/13/5b026aa83c9d7.jpg']
"['8集全', '豆瓣:3.9分']",['窗边女孩眼中对街的屋中女子'],['https://t1.szrtcpa.com/upload/vod/20220312-6/6cc335617540af4ba1cf39bf62e5e80d.jpg']
"['12集全', '豆瓣:4.5分']",['宝贝老板：返宝还童'],['https://t1.szrtcpa.com/2022/07/13/26bc960bcc1b7.jpg']
"['18集全', '豆瓣:9.2分']",['爱，死亡和机器人第一季'],['https://t1.szrtcpa.com/2022/07/13/885552fff7dc5.jpg']
"['1080P', '豆瓣:7.6分']",['不要抬头'],['https://t1.szrtcpa.com/upload/vod/20220312-12/fcf06e930cf3af7ac7dadb494fa4e93e.jpg']
"['10集全', '豆瓣:8.4分']",['幻灭第一季'],['https://t1.szrtcpa.com/2022/07/13/b7213fdf10b7a.jpg']
"['8集全', '豆瓣:6.8分']",['爱，死亡和机器人第二季'],['https://t1.szrtcpa.com/2022/07/13/5fdc056317d4d.jpg']
"['10集全', '豆瓣:7.8分']",['甜蜜家园'],['https://t1.szrtcpa.com/upload/vod/20220314-14/418ed43738503332a4810671790c1d62.jpg']
"['8集全', '豆瓣:6.3分']",['寂静之海'],['https://t1.szrtcpa.com/upload/vod/20220312-12/c652aae19c521459983b861ac6c28394.jpg']
"['1080P', '豆瓣:2.4分']",['摄影记者之死：阿根廷黑金政治'],['https://t1.szrtcpa.com/2022/05/19/0d982ad45f774.jpg']
"['更新至6集', '豆瓣:0.0分']",['电台挖宝战第二季'],['https://t1.szrtcpa.com/2022/05/11/83a5a55f35a90.jpg']
"['完结', '豆瓣:7.6分']",['鱿鱼游戏'],['https://t1.szrtcpa.com/upload/vod/20220313-35/b69ebf991ec7529cc6f5ef0ea2960459.jpg']
"['8集全', '豆瓣:8.0分']",['名校风暴第三季'],['https://t1.szrtcpa.com/upload/vod/20220312-10/36c6232b13ce0b5b10aedb8dc39b5259.jpg']
"['1080P', '豆瓣:3.4分']",['Rumspringa'],['https://t1.szrtcpa.com/2022/04/30/1e08b34bfe5d4.jpg']
"['10集全', '豆瓣:7.4分']",['职场小烈第四季'],['https://t1.szrtcpa.com/2022/04/30/dbbda9c3b0a09.jpg']
"['8集全', '豆瓣:8.3分']",['名校风暴第二季'],['https://t1.szrtcpa.com/upload/vod/20220312-10/3368fdc30902fd0cdc338f305a830107.jpg']
"['1080P', '豆瓣:7.6分']",['如获至宝'],['https://t1.szrtcpa.com/upload/vod/20220312-10/aac4fca6c3a3a7a623dce24e73540470.jpg']
"['1080P', '豆瓣:4.8分']",['二的梦魇'],['https://t1.szrtcpa.com/upload/vod/20220313-9/4680d7b5ce6e8c62dd7c000c2a2ccf17.jpg']
"['8集全', '豆瓣:9.3分']",['暗黑第二季'],['https://t1.szrtcpa.com/upload/vod/20220312-7/b357540cc3be5f6052f7ad95f6d4ce83.jpg']
"['完结', '豆瓣:7.2分']",['虚构安娜'],['https://t1.szrtcpa.com/upload/vod/20220312-6/a7125b78a81c51e0681215e4b586bcfa.jpg']
"['完结', '豆瓣:9.2分']",['性爱自修室第一季'],['https://t1.szrtcpa.com/upload/vod/20220315-14/3a3accf5c7ff70de08a1a7ff6612a2d3.jpg']
"['13集全', '豆瓣:2.8分']",['双胞胎猴子'],['https://t1.szrtcpa.com/2022/07/15/503bef001b8b3.jpg']
"['1080P', '豆瓣:8.4分']",['希尔达与山丘之王'],['https://t1.szrtcpa.com/2022/07/15/08cd1177ee3ad.jpg']
"['6集全', '豆瓣:2.2分']",['青年维兰德第二季'],['https://t1.szrtcpa.com/2022/05/18/ec37707b4046d.jpg']
"['完结', '豆瓣:3.8分']",['罪人第四季'],['https://t1.szrtcpa.com/upload/vod/20220312-6/ecaa877175bb81aaa7fcc68bb1827801.jpg']
"['完结', '豆瓣:0.0分']",['七秒'],['https://t1.szrtcpa.com/upload/vod/20220314-12/00325fee51a158a10f4a7210075a5b14.jpg']
"['1080P', '豆瓣:2.5分']",['永远的里奇'],['https://t1.szrtcpa.com/upload/vod/20220313-34/449bb4ce2d001b1719bb650ad9d569ec.jpg']
"['10集全', '豆瓣:8.9分']",['暗黑第一季'],['https://t1.szrtcpa.com/upload/vod/20220312-7/180c6681289a15a9c1714095e0ee96bf.jpg']
"['更新至第10集', '豆瓣:7.9分']",['雪国列车(剧版)第二季'],['https://t1.szrtcpa.com/upload/vod/20220314-14/ad35d151809af49af047ebdf45364563.jpg']
"['16集全', '豆瓣:9.6分']",['马男波杰克第六季'],['https://t1.szrtcpa.com/upload/vod/20220312-5/1c7adca772ee2d375f5f94db6ac88c63.jpg']
"['1080P', '豆瓣:6.2分']",['神偷军团'],['https://t1.szrtcpa.com/upload/vod/20220313-24/7e04a0c30df114949d39711e538c3747.jpg']
"['12集全', '豆瓣:9.4分']",['马男波杰克第五季'],['https://t1.szrtcpa.com/upload/vod/20220312-5/6f96aabefb16e640abae51d2ae64b474.jpg']
"['1080P', '豆瓣:4.2分']",['单身夫妻'],['https://t1.szrtcpa.com/upload/vod/20220313-23/e3c965721dcbefb9a75c8bd67940851b.jpg']
"['12集全', '豆瓣:9.5分']",['马男波杰克第四季'],['https://t1.szrtcpa.com/upload/vod/20220312-5/f9cfc8334879c8ed1a242829e3df020b.jpg']
"['6集全', '豆瓣:6.9分']",['地狱公使'],['https://t1.szrtcpa.com/upload/vod/20220313-22/de52c8f28851a85a75e00c95fbf4dc8c.jpg']
"['1080P', '豆瓣:5.9分']",['单身到底'],['https://t1.szrtcpa.com/upload/vod/20220313-18/af4aaae1a1adc3b575125f97593878fe.jpg']
"['1080P', '豆瓣:8.0分']",['浅草小子'],['https://t1.szrtcpa.com/upload/vod/20220313-10/8067dd910ea6cc43f913735a27d3473a.jpg']
"['1080P', '豆瓣:7.7分']",['不可饶恕'],['https://t1.szrtcpa.com/upload/vod/20220313-10/9f71d7b243abd6282c107116e09723d2.jpg']
"['1080P', '豆瓣:4.1分']",['闪电重生'],['https://t1.szrtcpa.com/upload/vod/20220312-12/c611578168435489b7cfb5b2fc7ec08f.jpg']
"['1080P', '豆瓣:6.3分']",['拯救圣诞记2'],['https://t1.szrtcpa.com/upload/vod/20220315-35/d8db7db5b94962807d2de2613d15925b.jpg']
"['1080P', '豆瓣:2.8分']",['超感应医学生'],['https://t1.szrtcpa.com/upload/vod/20220312-11/c2baa94b1cc7c9d69a76cfbdf0054c86.jpg']
"['1080P', '豆瓣:7.0分']",['2021去死'],['https://t1.szrtcpa.com/upload/vod/20220312-11/2e60cdb56d3a0ea28c3762afc70de13a.jpg']
"['更新至4集', '豆瓣:5.3分']",['亚莉姗卓·阿斯卡拉特：我说话比较直'],['https://t1.szrtcpa.com/upload/vod/20220312-11/7120ae638132d32b6f9009fdacd489ea.jpg']
"['更新至3集', '豆瓣:6.1分']",['犯罪现场：赛西尔酒店失踪事件'],['https://t1.szrtcpa.com/upload/vod/20220312-11/0e5c8b23ef5a4c3876fe1f2e3b06200c.jpg']
"['1080P', '豆瓣:6.0分']",['复仇之渊'],['https://t1.szrtcpa.com/upload/vod/20220313-24/74fad2a690c21945295d920874a5e534.jpg']
"['6集全', '豆瓣:4.6分']",['雪山之火'],['https://t1.szrtcpa.com/upload/vod/20220312-11/ea43167fdde533902d89cebc9a58f8b0.jpg']
"['蓝光1080P', '豆瓣:7.5分']",['白虎'],['https://t1.szrtcpa.com/upload/vod/20220313-24/a585ccb474a4ca776b0b4322fc0d04cf.jpg']
"['1080P', '豆瓣:6.5分']",['爱情四边形'],['https://t1.szrtcpa.com/upload/vod/20220312-11/b9a9b763ab4c05340c9ba2d9b996b70d.jpg']
"['5集全', '豆瓣:7.9分']",['亚森·罗宾第一季'],['https://t1.szrtcpa.com/2022/07/13/89a6dd13c687d.jpg']
"['5集全', '豆瓣:7.5分']",['亚森·罗宾第二季'],['https://t1.szrtcpa.com/2022/07/13/a086e84d7437e.jpg']
"['10集全', '豆瓣:9.1分']",['一级方程式：疾速争胜第三季'],['https://t1.szrtcpa.com/2022/07/13/128e90aae4766.jpg']
"['4集全', '豆瓣:2.2分']",['爱在俱乐部第二季'],['https://t1.szrtcpa.com/2022/07/13/7577100e547a9.jpg']
"['蓝光', '豆瓣:4.9分']",['兽猎荒原'],['https://t1.szrtcpa.com/upload/vod/20220312-11/c5b0464fcbb8472833e76f51dd84e179.jpg']
"['3集全', '豆瓣:0.0分']",['最凶监狱大揭秘第五季'],['https://t1.szrtcpa.com/2022/07/13/c817a25f500e8.jpg']
"['完结', '豆瓣:1.8分']",['冷战余谍'],['https://t1.szrtcpa.com/upload/vod/20220312-6/ece9096dc1ca1916fdab58ed54a5778d.jpg']
